<?xml version="1.0" encoding="UTF-8"?>
<project-private xmlns="http://www.netbeans.org/ns/project-private/1">
    <editor-bookmarks xmlns="http://www.netbeans.org/ns/editor-bookmarks/2" lastBookmarkId="0"/>
    <open-files xmlns="http://www.netbeans.org/ns/projectui-open-files/2">
        <group>
            <file>file:/C:/Users/User/Documents/NetBeansProjects/OnlineElectionSystem/src/onlineelectionsystem/OnlineElectionSystem.java</file>
            <file>file:/C:/Users/User/Documents/NetBeansProjects/OnlineElectionSystem/src/onlineelectionsystem/CastVotePresident.java</file>
            <file>file:/C:/Users/User/Documents/NetBeansProjects/OnlineElectionSystem/src/onlineelectionsystem/AdminLogin.java</file>
            <file>file:/C:/Users/User/Documents/NetBeansProjects/OnlineElectionSystem/src/onlineelectionsystem/CastVoteVPresident.java</file>
            <file>file:/C:/Users/User/Documents/NetBeansProjects/OnlineElectionSystem/src/onlineelectionsystem/HeadAdmin.java</file>
            <file>file:/C:/Users/User/Documents/NetBeansProjects/OnlineElectionSystem/src/onlineelectionsystem/AddCandidate.java</file>
            <file>file:/C:/Users/User/Documents/NetBeansProjects/OnlineElectionSystem/src/onlineelectionsystem/HeadAdminLogin.java</file>
            <file>file:/C:/Users/User/Documents/NetBeansProjects/OnlineElectionSystem/src/onlineelectionsystem/HeadAdminPage.java</file>
            <file>file:/C:/Users/User/Documents/NetBeansProjects/OnlineElectionSystem/src/onlineelectionsystem/Voter.java</file>
            <file>file:/C:/Users/User/Documents/NetBeansProjects/OnlineElectionSystem/src/onlineelectionsystem/MainMenu.java</file>
            <file>file:/C:/Users/User/Documents/NetBeansProjects/OnlineElectionSystem/src/onlineelectionsystem/ViewEditCandidate.java</file>
            <file>file:/C:/Users/User/Documents/NetBeansProjects/OnlineElectionSystem/src/onlineelectionsystem/Candidate.java</file>
            <file>file:/C:/Users/User/Documents/NetBeansProjects/OnlineElectionSystem/src/onlineelectionsystem/CastVote.java</file>
            <file>file:/C:/Users/User/Documents/NetBeansProjects/OnlineElectionSystem/src/onlineelectionsystem/VoterPage.java</file>
            <file>file:/C:/Users/User/Documents/NetBeansProjects/OnlineElectionSystem/src/onlineelectionsystem/AdminMenu.java</file>
            <file>file:/C:/Users/User/Documents/NetBeansProjects/OnlineElectionSystem/src/onlineelectionsystem/CourseCandidate.java</file>
        </group>
    </open-files>
</project-private>
